제목,지은이,옮긴이,출판사,발매일,링크
수학도둑 16-64권 세트(코믹 메이플스토리)(전49권),송도수,,서울문화사,2018년 05월 18일,http://www.kyobobook.co.kr/product/detailViewKor.laf?mallgb=KOR&ejkGb=KOR&linkClass=42&barcode=9788926381175
초등 수학 6-2(2018)(우공비),홍범준,,좋은책신사고,2018년 05월 23일,http://www.kyobobook.co.kr/product/detailViewKor.laf?mallgb=KOR&ejkGb=KOR&linkClass=39011107&barcode=9788928326013
초등 수학 1-2(2018)(우공비),홍범준,,좋은책신사고,2018년 05월 23일,http://www.kyobobook.co.kr/product/detailViewKor.laf?mallgb=KOR&ejkGb=KOR&linkClass=39010107&barcode=9788928325962
초등 수학 5-2(2018)(우공비),홍범준,,좋은책신사고,2018년 05월 23일,http://www.kyobobook.co.kr/product/detailViewKor.laf?mallgb=KOR&ejkGb=KOR&linkClass=39010907&barcode=9788928326006
중학 수학 중1-2(2018)(절대 공감)(개정판),에듀왕 편집부,,에듀왕,2018년 05월 15일,http://www.kyobobook.co.kr/product/detailViewKor.laf?mallgb=KOR&ejkGb=KOR&linkClass=25&barcode=9788925921686
초등 수학 2-2(2018)(우공비),홍범준,,좋은책신사고,2018년 05월 23일,http://www.kyobobook.co.kr/product/detailViewKor.laf?mallgb=KOR&ejkGb=KOR&linkClass=39010307&barcode=9788928325979
수학도둑. 64: 종합편(코믹 메이플스토리),송도수,,서울문화사,2018년 05월 18일,http://www.kyobobook.co.kr/product/detailViewKor.laf?mallgb=KOR&ejkGb=KOR&linkClass=421309&barcode=9788926381113
중학 수학2(하)(2018)(수력충전),수경출판사 편집부,,수경출판사,2018년 05월 20일,http://www.kyobobook.co.kr/product/detailViewKor.laf?mallgb=KOR&ejkGb=KOR&linkClass=25&barcode=9791162400470
중학 수학2(상)(2018)(심플 자이스토리),정윤지,,수경출판사,2018년 05월 15일,http://www.kyobobook.co.kr/product/detailViewKor.laf?mallgb=KOR&ejkGb=KOR&linkClass=25&barcode=9791162400487
중학 수학(하) 중3 개념완성(2018)(미다수(미워도 다시한번 수학)),김계율,,지와이에듀,2018년 04월 16일,http://www.kyobobook.co.kr/product/detailViewKor.laf?mallgb=KOR&ejkGb=KOR&linkClass=25&barcode=9791185194318
중학 수학(하) 중2 개념완성(2018)(미다수(미워도 다시한번 수학)),김계율,,지와이에듀,2018년 04월 16일,http://www.kyobobook.co.kr/product/detailViewKor.laf?mallgb=KOR&ejkGb=KOR&linkClass=25&barcode=9791185194301
중학 수학(하) 중1 개념완성(2018)(미다수(미워도 다시한번 수학)),김계율,,지와이에듀,2018년 04월 16일,http://www.kyobobook.co.kr/product/detailViewKor.laf?mallgb=KOR&ejkGb=KOR&linkClass=25&barcode=9791185194295
연두팡 두뇌발달 워크북: 수학 탐구 놀이,그린키즈 편집부,,그린키즈,2018년 03월 27일,http://www.kyobobook.co.kr/product/detailViewKor.laf?mallgb=KOR&ejkGb=KOR&linkClass=411111&barcode=8809446575415
개념 해결의 법칙 기초수학 6-2(2018),최용준,,천재교육,2018년 04월 15일,http://www.kyobobook.co.kr/product/detailViewKor.laf?mallgb=KOR&ejkGb=KOR&linkClass=39011107&barcode=9791125933731
개념 해결의 법칙 기초수학 5-2(2018),최용준,,천재교육,2018년 04월 15일,http://www.kyobobook.co.kr/product/detailViewKor.laf?mallgb=KOR&ejkGb=KOR&linkClass=39010907&barcode=9791125933724
개념 해결의 법칙 기초수학 2-2(2018),최용준,,천재교육,2018년 04월 15일,http://www.kyobobook.co.kr/product/detailViewKor.laf?mallgb=KOR&ejkGb=KOR&linkClass=39010307&barcode=9791125933694
개념 해결의 법칙 기초수학 1-2(2018),최용준,,천재교육,2018년 04월 15일,http://www.kyobobook.co.kr/product/detailViewKor.laf?mallgb=KOR&ejkGb=KOR&linkClass=39010107&barcode=9791125933687
절대등급 수학(하) 내신 1등급 문제서(2018)(코드엠),이창무,,동아출판,2018년 05월 25일,http://www.kyobobook.co.kr/product/detailViewKor.laf?mallgb=KOR&ejkGb=KOR&linkClass=25030316&barcode=9788900423662
Happy 수학 초등 5학년(D-2집),정혜숙,,도서출판 항암,2018년 05월 15일,http://www.kyobobook.co.kr/product/detailViewKor.laf?mallgb=KOR&ejkGb=KOR&linkClass=39010907&barcode=9791188523214
초등 수학 6-2(유형 해결의 법칙)(2018)(셀파),최용준,,천재교육,2018년 05월 11일,http://www.kyobobook.co.kr/product/detailViewKor.laf?mallgb=KOR&ejkGb=KOR&linkClass=39011107&barcode=9791125933793
초등 수학 5-2(유형 해결의 법칙)(2018)(셀파),최용준,,천재교육,2018년 05월 11일,http://www.kyobobook.co.kr/product/detailViewKor.laf?mallgb=KOR&ejkGb=KOR&linkClass=39010907&barcode=9791125933786
초등 수학 2-2(유형 해결의 법(2018)(셀파),최용준,,천재교육,2018년 05월 11일,http://www.kyobobook.co.kr/product/detailViewKor.laf?mallgb=KOR&ejkGb=KOR&linkClass=39010307&barcode=9791125933755
